seller_id,seller_zip_code_prefix,seller_city,seller_state
S0000,57335,Guarulhos,RS
S0001,79300,Guarulhos,GO
S0002,65892,Rio de Janeiro,RJ
S0003,69972,Rio de Janeiro,MG
S0004,61378,Guarulhos,SC
S0005,79182,Campinas,PE
S0006,72508,Curitiba,MG
S0007,83238,Recife,SC
S0008,63593,Rio de Janeiro,PE
S0009,1424,Recife,RS
S0010,90989,Guarulhos,RJ
S0011,24491,Curitiba,DF
S0012,72237,Curitiba,BA
S0013,65770,Recife,PR
S0014,66410,Campinas,RS
S0015,45175,Recife,MG
S0016,45738,Curitiba,SP
S0017,12627,Curitiba,GO
S0018,25286,Sao Paulo,PE
S0019,7414,Campinas,RJ
S0020,90852,Curitiba,RS
S0021,94390,Guarulhos,PE
S0022,11638,Curitiba,DF
S0023,84995,Rio de Janeiro,DF
S0024,68339,Guarulhos,SP
S0025,32585,Sao Paulo,GO
S0026,16621,Campinas,RJ
S0027,64289,Campinas,SC
S0028,3743,Rio de Janeiro,RS
S0029,15528,Rio de Janeiro,DF
S0030,11416,Rio de Janeiro,RS
S0031,14362,Guarulhos,PR
S0032,1667,Curitiba,SC
S0033,34029,Sao Paulo,SP
S0034,80345,Curitiba,SP
S0035,28842,Sao Paulo,PE
S0036,25531,Recife,PR
S0037,97958,Rio de Janeiro,PE
S0038,48689,Rio de Janeiro,PR
S0039,3411,Sao Paulo,GO
S0040,59242,Sao Paulo,BA
S0041,55181,Campinas,PR
S0042,43035,Guarulhos,MG
S0043,85557,Curitiba,RJ
S0044,68511,Sao Paulo,RJ
S0045,3564,Guarulhos,RJ
S0046,37958,Curitiba,SP
S0047,55818,Curitiba,BA
S0048,66540,Campinas,PR
S0049,38618,Campinas,PE
S0050,45042,Campinas,GO
S0051,22373,Campinas,RS
S0052,60426,Sao Paulo,RS
S0053,24301,Rio de Janeiro,RJ
S0054,49383,Campinas,MG
S0055,81629,Guarulhos,MG
S0056,91698,Recife,PR
S0057,46980,Curitiba,BA
S0058,21539,Guarulhos,MG
S0059,5542,Recife,PR
S0060,84630,Sao Paulo,RJ
S0061,41473,Curitiba,GO
S0062,19660,Guarulhos,PE
S0063,81854,Curitiba,DF
S0064,48685,Recife,MG
S0065,69225,Sao Paulo,RS
S0066,7311,Recife,GO
S0067,95539,Rio de Janeiro,BA
S0068,32158,Sao Paulo,DF
S0069,77535,Guarulhos,RJ
S0070,30398,Curitiba,RJ
S0071,17923,Campinas,RS
S0072,41639,Campinas,BA
S0073,7615,Guarulhos,SC
S0074,51270,Curitiba,GO
S0075,46792,Campinas,BA
S0076,8647,Guarulhos,PE
S0077,45035,Recife,BA
S0078,57434,Recife,SP
S0079,55221,Guarulhos,GO
S0080,8120,Curitiba,RS
S0081,67492,Recife,SC
S0082,33808,Campinas,BA
S0083,26177,Guarulhos,PR
S0084,85480,Campinas,GO
S0085,98842,Curitiba,RS
S0086,12229,Campinas,RJ
S0087,49981,Recife,RS
S0088,27206,Curitiba,RJ
S0089,71781,Curitiba,RJ
S0090,61145,Campinas,DF
S0091,41431,Sao Paulo,GO
S0092,74952,Guarulhos,GO
S0093,68757,Rio de Janeiro,SP
S0094,92842,Campinas,DF
S0095,98355,Guarulhos,MG
S0096,41950,Rio de Janeiro,RJ
S0097,16204,Recife,RS
S0098,92337,Recife,BA
S0099,44156,Sao Paulo,PR
S0100,88969,Recife,GO
S0101,70004,Guarulhos,RS
S0102,52827,Guarulhos,MG
S0103,85827,Guarulhos,DF
S0104,75660,Curitiba,PE
S0105,64080,Campinas,MG
S0106,52283,Rio de Janeiro,SP
S0107,23896,Rio de Janeiro,RJ
S0108,21937,Guarulhos,MG
S0109,64869,Rio de Janeiro,RJ
S0110,39093,Campinas,DF
S0111,62650,Guarulhos,SP
S0112,71935,Recife,DF
S0113,5320,Sao Paulo,PE
S0114,9541,Guarulhos,SP
S0115,61081,Rio de Janeiro,PR
S0116,97669,Guarulhos,SP
S0117,53725,Sao Paulo,MG
S0118,67779,Curitiba,MG
S0119,29657,Campinas,SC
S0120,22402,Sao Paulo,RJ
S0121,24652,Curitiba,PE
S0122,94129,Guarulhos,PE
S0123,77020,Guarulhos,DF
S0124,36247,Recife,RS
S0125,7427,Campinas,BA
S0126,86055,Campinas,PE
S0127,29165,Guarulhos,SC
S0128,24606,Curitiba,MG
S0129,70405,Rio de Janeiro,MG
S0130,13172,Guarulhos,SC
S0131,21711,Curitiba,GO
S0132,50540,Recife,RS
S0133,12642,Recife,DF
S0134,91456,Campinas,RS
S0135,98305,Guarulhos,SC
S0136,83270,Curitiba,BA
S0137,56996,Curitiba,SC
S0138,54982,Guarulhos,SP
S0139,27607,Rio de Janeiro,SC
S0140,15800,Recife,PR
S0141,16242,Recife,RS
S0142,15812,Curitiba,DF
S0143,1703,Recife,PR
S0144,74549,Campinas,SC
S0145,75224,Rio de Janeiro,PE
S0146,73152,Rio de Janeiro,RJ
S0147,36391,Curitiba,DF
S0148,11124,Guarulhos,RS
S0149,20261,Curitiba,PE
S0150,82194,Curitiba,RJ
S0151,90448,Curitiba,BA
S0152,6679,Campinas,DF
S0153,69936,Sao Paulo,RS
S0154,89761,Recife,SP
S0155,81229,Recife,RS
S0156,25557,Rio de Janeiro,GO
S0157,65917,Rio de Janeiro,SP
S0158,82070,Campinas,RJ
S0159,91753,Sao Paulo,PR
S0160,68375,Rio de Janeiro,PR
S0161,35100,Curitiba,RJ
S0162,67210,Sao Paulo,RJ
S0163,16484,Sao Paulo,RS
S0164,9762,Recife,RS
S0165,1660,Recife,SP
S0166,55391,Guarulhos,PE
S0167,4347,Recife,BA
S0168,14422,Sao Paulo,DF
S0169,85531,Recife,DF
S0170,41508,Sao Paulo,SC
S0171,61870,Sao Paulo,SP
S0172,44621,Rio de Janeiro,RJ
S0173,5510,Sao Paulo,MG
S0174,59765,Guarulhos,PR
S0175,11565,Recife,BA
S0176,67516,Recife,PE
S0177,69953,Sao Paulo,RS
S0178,71724,Sao Paulo,MG
S0179,39103,Sao Paulo,DF
S0180,48377,Recife,GO
S0181,77665,Campinas,SC
S0182,44516,Recife,MG
S0183,93718,Rio de Janeiro,GO
S0184,65376,Rio de Janeiro,PE
S0185,75843,Curitiba,RJ
S0186,66917,Curitiba,RJ
S0187,18975,Sao Paulo,MG
S0188,46965,Curitiba,SC
S0189,65316,Rio de Janeiro,GO
S0190,52186,Rio de Janeiro,RJ
S0191,59938,Guarulhos,SP
S0192,90774,Sao Paulo,SC
S0193,84942,Campinas,PR
S0194,22237,Sao Paulo,SP
S0195,20828,Rio de Janeiro,PR
S0196,15407,Guarulhos,SP
S0197,72172,Rio de Janeiro,DF
S0198,50019,Sao Paulo,GO
S0199,60377,Curitiba,PR
S0200,86852,Rio de Janeiro,GO
S0201,48278,Recife,DF
S0202,63360,Recife,SP
S0203,29817,Recife,RS
S0204,83137,Sao Paulo,MG
S0205,3577,Rio de Janeiro,MG
S0206,58171,Sao Paulo,SC
S0207,80753,Guarulhos,RJ
S0208,71870,Sao Paulo,DF
S0209,11635,Guarulhos,PR
S0210,85469,Guarulhos,GO
S0211,38359,Recife,SP
S0212,52466,Campinas,PE
S0213,50118,Guarulhos,BA
S0214,35121,Guarulhos,PE
S0215,33641,Rio de Janeiro,RS
S0216,91485,Campinas,RS
S0217,66582,Rio de Janeiro,RS
S0218,99277,Sao Paulo,PR
S0219,33519,Rio de Janeiro,PR
S0220,30444,Guarulhos,DF
S0221,52114,Sao Paulo,DF
S0222,61417,Recife,RS
S0223,10423,Sao Paulo,RJ
S0224,36803,Curitiba,SP
S0225,44014,Guarulhos,DF
S0226,9454,Guarulhos,RJ
S0227,58716,Guarulhos,SC
S0228,12945,Guarulhos,PE
S0229,86319,Recife,GO
S0230,52327,Sao Paulo,BA
S0231,18977,Recife,SC
S0232,52739,Curitiba,PR
S0233,34524,Rio de Janeiro,MG
S0234,44552,Campinas,PE
S0235,26669,Sao Paulo,PE
S0236,43012,Sao Paulo,RS
S0237,16113,Curitiba,GO
S0238,29824,Rio de Janeiro,SC
S0239,39175,Campinas,PE
S0240,78176,Campinas,PE
S0241,90924,Campinas,GO
S0242,87672,Sao Paulo,SC
S0243,37920,Recife,SP
S0244,37603,Guarulhos,DF
S0245,27943,Guarulhos,DF
S0246,51653,Sao Paulo,PE
S0247,95845,Rio de Janeiro,DF
S0248,25400,Rio de Janeiro,MG
S0249,71831,Rio de Janeiro,GO
S0250,26075,Guarulhos,RJ
S0251,37597,Sao Paulo,SC
S0252,52823,Recife,RS
S0253,75181,Guarulhos,GO
S0254,84234,Campinas,RS
S0255,64215,Curitiba,SC
S0256,60976,Recife,BA
S0257,85628,Curitiba,PR
S0258,62847,Campinas,BA
S0259,11989,Guarulhos,DF
S0260,6155,Recife,RS
S0261,54445,Curitiba,MG
S0262,1945,Guarulhos,SP
S0263,70509,Curitiba,GO
S0264,78012,Sao Paulo,SC
S0265,99768,Rio de Janeiro,PR
S0266,3237,Recife,MG
S0267,60571,Curitiba,MG
S0268,93530,Guarulhos,SC
S0269,14928,Campinas,RS
S0270,77818,Recife,RS
S0271,97181,Guarulhos,SC
S0272,7913,Campinas,DF
S0273,46417,Rio de Janeiro,RJ
S0274,8145,Campinas,SC
S0275,49331,Campinas,PE
S0276,85583,Guarulhos,PR
S0277,26061,Sao Paulo,BA
S0278,79499,Sao Paulo,RS
S0279,81548,Campinas,PE
S0280,2253,Guarulhos,BA
S0281,53400,Rio de Janeiro,RJ
S0282,25846,Guarulhos,SP
S0283,97415,Sao Paulo,SP
S0284,69905,Campinas,DF
S0285,52383,Curitiba,RJ
S0286,65388,Recife,SC
S0287,18874,Guarulhos,RJ
S0288,50918,Recife,RS
S0289,77259,Rio de Janeiro,PE
S0290,94543,Guarulhos,RJ
S0291,15622,Rio de Janeiro,PR
S0292,90632,Recife,PR
S0293,29051,Rio de Janeiro,PE
S0294,86618,Guarulhos,RS
S0295,94008,Guarulhos,PE
S0296,79694,Curitiba,RS
S0297,97659,Curitiba,MG
S0298,55978,Curitiba,RS
S0299,77888,Guarulhos,DF
S0300,90884,Recife,PR
S0301,21482,Sao Paulo,PE
S0302,71573,Campinas,SC
S0303,74449,Curitiba,SP
S0304,49740,Sao Paulo,SP
S0305,59810,Curitiba,RS
S0306,65860,Sao Paulo,RJ
S0307,45226,Rio de Janeiro,PR
S0308,59989,Campinas,PR
S0309,45166,Curitiba,PR
S0310,47557,Curitiba,PE
S0311,45851,Curitiba,BA
S0312,46843,Guarulhos,RJ
S0313,32913,Rio de Janeiro,PR
S0314,11577,Guarulhos,GO
S0315,54264,Curitiba,BA
S0316,42896,Curitiba,PE
S0317,4617,Recife,PR
S0318,53356,Campinas,RJ
S0319,84999,Curitiba,RS
S0320,26356,Recife,PR
S0321,89806,Curitiba,PE
S0322,54515,Campinas,SC
S0323,39690,Guarulhos,RJ
S0324,87269,Guarulhos,SP
S0325,94907,Recife,RJ
S0326,92509,Rio de Janeiro,SC
S0327,77837,Recife,PR
S0328,63020,Recife,BA
S0329,84939,Rio de Janeiro,PR
S0330,85965,Guarulhos,SP
S0331,89235,Campinas,RS
S0332,83182,Curitiba,RJ
S0333,34691,Sao Paulo,SC
S0334,96775,Campinas,RJ
S0335,81457,Rio de Janeiro,MG
S0336,86734,Campinas,DF
S0337,15367,Curitiba,SC
S0338,2278,Campinas,GO
S0339,97725,Guarulhos,PR
S0340,62063,Sao Paulo,PE
S0341,59931,Sao Paulo,PR
S0342,70480,Campinas,SC
S0343,69719,Curitiba,RS
S0344,5083,Campinas,SP
S0345,31333,Sao Paulo,SC
S0346,54514,Guarulhos,RJ
S0347,4154,Rio de Janeiro,SC
S0348,88687,Sao Paulo,RJ
S0349,17146,Curitiba,GO
S0350,43560,Campinas,RS
S0351,15064,Sao Paulo,PR
S0352,7194,Recife,DF
S0353,44800,Campinas,DF
S0354,77932,Recife,MG
S0355,29960,Sao Paulo,DF
S0356,46418,Rio de Janeiro,PR
S0357,94492,Recife,BA
S0358,38189,Recife,DF
S0359,84310,Sao Paulo,GO
S0360,98738,Curitiba,GO
S0361,54444,Sao Paulo,PR
S0362,61574,Recife,RS
S0363,85384,Curitiba,DF
S0364,68274,Recife,SP
S0365,58922,Curitiba,DF
S0366,88509,Guarulhos,DF
S0367,92081,Sao Paulo,PR
S0368,31145,Rio de Janeiro,SP
S0369,74768,Sao Paulo,BA
S0370,26752,Guarulhos,RJ
S0371,73782,Rio de Janeiro,SC
S0372,9559,Sao Paulo,BA
S0373,28214,Campinas,BA
S0374,79457,Guarulhos,RS
S0375,79651,Guarulhos,SC
S0376,47456,Rio de Janeiro,RJ
S0377,77463,Sao Paulo,PR
S0378,49131,Rio de Janeiro,SP
S0379,9013,Rio de Janeiro,RS
S0380,81394,Campinas,BA
S0381,6731,Curitiba,BA
S0382,80344,Curitiba,RJ
S0383,88242,Recife,PE
S0384,1202,Curitiba,MG
S0385,97905,Rio de Janeiro,SC
S0386,62084,Rio de Janeiro,SC
S0387,60858,Rio de Janeiro,SC
S0388,33116,Sao Paulo,SP
S0389,17908,Recife,GO
S0390,3252,Rio de Janeiro,SC
S0391,42697,Campinas,PE
S0392,79315,Curitiba,PE
S0393,3083,Curitiba,RS
S0394,23107,Guarulhos,PE
S0395,82350,Campinas,MG
S0396,44373,Rio de Janeiro,BA
S0397,11212,Sao Paulo,BA
S0398,98257,Campinas,BA
S0399,34179,Rio de Janeiro,RS
S0400,18506,Sao Paulo,PE
S0401,56707,Recife,MG
S0402,9435,Campinas,BA
S0403,70107,Recife,PE
S0404,64856,Campinas,PE
S0405,90799,Rio de Janeiro,MG
S0406,30101,Guarulhos,RJ
S0407,42759,Rio de Janeiro,BA
S0408,67265,Recife,RJ
S0409,19911,Rio de Janeiro,SC
S0410,36833,Recife,PE
S0411,11780,Guarulhos,SC
S0412,70384,Guarulhos,BA
S0413,66195,Rio de Janeiro,BA
S0414,10294,Curitiba,PR
S0415,13751,Guarulhos,PE
S0416,40654,Rio de Janeiro,DF
S0417,66163,Guarulhos,DF
S0418,79175,Recife,BA
S0419,46166,Recife,RJ
S0420,80555,Guarulhos,SP
S0421,42235,Guarulhos,DF
S0422,59698,Guarulhos,DF
S0423,26830,Sao Paulo,RS
S0424,64485,Sao Paulo,SP
S0425,90273,Sao Paulo,PR
S0426,29327,Recife,PE
S0427,71901,Curitiba,PE
S0428,45947,Rio de Janeiro,PE
S0429,52942,Campinas,PE
S0430,58260,Rio de Janeiro,SP
S0431,42954,Guarulhos,SC
S0432,66939,Curitiba,DF
S0433,36683,Curitiba,PR
S0434,17195,Sao Paulo,RS
S0435,40516,Sao Paulo,MG
S0436,44691,Sao Paulo,GO
S0437,85509,Rio de Janeiro,BA
S0438,64474,Sao Paulo,DF
S0439,42719,Curitiba,RS
S0440,85423,Campinas,BA
S0441,1435,Campinas,RS
S0442,69055,Campinas,SP
S0443,92400,Recife,DF
S0444,69788,Sao Paulo,PR
S0445,59692,Guarulhos,PR
S0446,53587,Guarulhos,PR
S0447,17401,Rio de Janeiro,SC
S0448,16197,Guarulhos,PE
S0449,13531,Recife,SC
S0450,93525,Curitiba,RJ
S0451,38281,Sao Paulo,PE
S0452,96568,Guarulhos,SC
S0453,61610,Recife,DF
S0454,75586,Curitiba,MG
S0455,93976,Campinas,GO
S0456,51770,Campinas,GO
S0457,6390,Recife,SP
S0458,82519,Rio de Janeiro,DF
S0459,35924,Curitiba,GO
S0460,16227,Recife,GO
S0461,26459,Rio de Janeiro,DF
S0462,99173,Sao Paulo,MG
S0463,42697,Guarulhos,SP
S0464,58110,Recife,SC
S0465,79416,Recife,RS
S0466,58349,Curitiba,GO
S0467,16696,Campinas,RS
S0468,9407,Curitiba,RJ
S0469,93561,Sao Paulo,RS
S0470,20896,Campinas,BA
S0471,26387,Rio de Janeiro,GO
S0472,5027,Campinas,PE
S0473,75517,Curitiba,GO
S0474,51158,Curitiba,PE
S0475,64307,Recife,RJ
S0476,19297,Curitiba,GO
S0477,55229,Curitiba,RJ
S0478,55571,Rio de Janeiro,MG
S0479,84543,Curitiba,RJ
S0480,71586,Rio de Janeiro,SP
S0481,61107,Curitiba,GO
S0482,67366,Guarulhos,RJ
S0483,78463,Curitiba,SP
S0484,23016,Recife,SP
S0485,59325,Sao Paulo,SC
S0486,94268,Sao Paulo,MG
S0487,72325,Campinas,SC
S0488,83812,Campinas,MG
S0489,5701,Campinas,MG
S0490,84028,Recife,RJ
S0491,64865,Rio de Janeiro,MG
S0492,18953,Sao Paulo,MG
S0493,89009,Guarulhos,GO
S0494,87890,Rio de Janeiro,RS
S0495,65382,Guarulhos,PR
S0496,96188,Rio de Janeiro,DF
S0497,81993,Recife,PR
S0498,42624,Sao Paulo,GO
S0499,99105,Campinas,BA
S0500,48038,Curitiba,DF
S0501,16468,Recife,RJ
S0502,12485,Sao Paulo,RS
S0503,69221,Rio de Janeiro,PR
S0504,14987,Curitiba,GO
S0505,89826,Sao Paulo,MG
S0506,93016,Campinas,BA
S0507,3845,Curitiba,BA
S0508,17662,Campinas,SC
S0509,18191,Rio de Janeiro,MG
S0510,70862,Sao Paulo,PR
S0511,25715,Guarulhos,SC
S0512,67382,Rio de Janeiro,MG
S0513,88146,Guarulhos,MG
S0514,66308,Campinas,RJ
S0515,97744,Recife,RJ
S0516,49176,Recife,DF
S0517,91436,Recife,GO
S0518,77774,Curitiba,RJ
S0519,47925,Guarulhos,RS
S0520,29177,Sao Paulo,RJ
S0521,67097,Campinas,GO
S0522,77868,Recife,PE
S0523,11291,Sao Paulo,PE
S0524,32237,Recife,BA
S0525,97927,Guarulhos,BA
S0526,14406,Rio de Janeiro,GO
S0527,94459,Recife,RS
S0528,14037,Curitiba,RS
S0529,60034,Sao Paulo,DF
S0530,32018,Sao Paulo,GO
S0531,15169,Rio de Janeiro,BA
S0532,23073,Recife,SP
S0533,94795,Campinas,MG
S0534,28203,Sao Paulo,PE
S0535,89682,Sao Paulo,RJ
S0536,63939,Guarulhos,BA
S0537,99076,Guarulhos,DF
S0538,46834,Recife,PR
S0539,51276,Campinas,MG
S0540,9010,Rio de Janeiro,RS
S0541,35468,Sao Paulo,DF
S0542,59835,Guarulhos,MG
S0543,38338,Rio de Janeiro,RS
S0544,18044,Curitiba,PE
S0545,50212,Recife,RS
S0546,97738,Recife,GO
S0547,91315,Sao Paulo,PR
S0548,37338,Recife,PE
S0549,13740,Recife,BA
S0550,2342,Campinas,SP
S0551,65203,Guarulhos,BA
S0552,69154,Campinas,RJ
S0553,91601,Recife,PE
S0554,58391,Guarulhos,PR
S0555,28103,Curitiba,PE
S0556,3499,Sao Paulo,PE
S0557,52995,Guarulhos,RS
S0558,29485,Guarulhos,DF
S0559,79650,Guarulhos,PR
S0560,64784,Guarulhos,SC
S0561,51959,Guarulhos,SC
S0562,74501,Campinas,PE
S0563,53219,Sao Paulo,PR
S0564,65156,Campinas,PR
S0565,76894,Sao Paulo,GO
S0566,7966,Sao Paulo,DF
S0567,17305,Recife,SP
S0568,48491,Guarulhos,DF
S0569,71775,Rio de Janeiro,DF
S0570,42359,Sao Paulo,RS
S0571,91470,Recife,RS
S0572,97857,Curitiba,PR
S0573,11087,Guarulhos,RS
S0574,66694,Rio de Janeiro,RJ
S0575,6959,Guarulhos,BA
S0576,78557,Rio de Janeiro,DF
S0577,9661,Curitiba,RS
S0578,11084,Campinas,BA
S0579,73803,Guarulhos,MG
S0580,40234,Curitiba,PE
S0581,39730,Recife,PR
S0582,43648,Recife,RS
S0583,46983,Recife,BA
S0584,67449,Campinas,SP
S0585,73106,Sao Paulo,MG
S0586,95398,Guarulhos,RS
S0587,52785,Sao Paulo,MG
S0588,84620,Rio de Janeiro,RS
S0589,60411,Campinas,GO
S0590,7742,Rio de Janeiro,RJ
S0591,85212,Recife,GO
S0592,44478,Sao Paulo,RJ
S0593,45674,Campinas,PR
S0594,83893,Rio de Janeiro,SC
S0595,87606,Sao Paulo,MG
S0596,99570,Sao Paulo,MG
S0597,52795,Rio de Janeiro,PR
S0598,44920,Campinas,SP
S0599,40783,Sao Paulo,DF
S0600,34372,Recife,MG
S0601,26844,Recife,PE
S0602,32511,Rio de Janeiro,MG
S0603,73300,Recife,GO
S0604,30458,Rio de Janeiro,RJ
S0605,62571,Curitiba,PE
S0606,25147,Sao Paulo,PE
S0607,81009,Sao Paulo,PE
S0608,42654,Sao Paulo,SP
S0609,55123,Sao Paulo,RJ
S0610,97243,Curitiba,GO
S0611,86816,Rio de Janeiro,BA
S0612,33969,Rio de Janeiro,GO
S0613,29456,Sao Paulo,GO
S0614,55219,Campinas,SC
S0615,73319,Guarulhos,RJ
S0616,96825,Campinas,BA
S0617,39938,Rio de Janeiro,SP
S0618,58414,Campinas,SP
S0619,12277,Rio de Janeiro,GO
S0620,73328,Rio de Janeiro,PR
S0621,53302,Campinas,PE
S0622,65196,Rio de Janeiro,RJ
S0623,23901,Guarulhos,RJ
S0624,43512,Guarulhos,RS
S0625,7112,Recife,RS
S0626,36207,Recife,PR
S0627,36957,Rio de Janeiro,SP
S0628,46156,Recife,MG
S0629,97775,Curitiba,RJ
S0630,62070,Recife,RJ
S0631,89515,Sao Paulo,MG
S0632,20853,Curitiba,SC
S0633,97999,Sao Paulo,PE
S0634,60806,Curitiba,GO
S0635,3828,Campinas,BA
S0636,86466,Sao Paulo,RS
S0637,16132,Campinas,GO
S0638,80711,Campinas,PR
S0639,24274,Rio de Janeiro,SP
S0640,68045,Rio de Janeiro,PR
S0641,73937,Campinas,SP
S0642,12795,Campinas,BA
S0643,97832,Recife,MG
S0644,88807,Sao Paulo,DF
S0645,41231,Recife,PE
S0646,25617,Rio de Janeiro,SC
S0647,58774,Rio de Janeiro,DF
S0648,79363,Recife,DF
S0649,9755,Guarulhos,BA
S0650,16103,Rio de Janeiro,RS
S0651,63291,Rio de Janeiro,RS
S0652,29415,Rio de Janeiro,SP
S0653,90099,Rio de Janeiro,SP
S0654,54636,Guarulhos,BA
S0655,66263,Sao Paulo,SP
S0656,35639,Rio de Janeiro,SC
S0657,65678,Recife,SP
S0658,26447,Curitiba,MG
S0659,49259,Guarulhos,SP
S0660,3241,Recife,PR
S0661,45547,Sao Paulo,GO
S0662,76809,Curitiba,SP
S0663,37612,Sao Paulo,SC
S0664,6769,Curitiba,RS
S0665,82198,Guarulhos,GO
S0666,29675,Curitiba,RS
S0667,64826,Recife,GO
S0668,72076,Curitiba,SC
S0669,30662,Guarulhos,PE
S0670,30126,Recife,PR
S0671,52269,Campinas,BA
S0672,47075,Campinas,RS
S0673,12454,Campinas,RJ
S0674,9140,Guarulhos,PE
S0675,5530,Curitiba,RJ
S0676,32237,Sao Paulo,DF
S0677,14490,Rio de Janeiro,SP
S0678,75967,Rio de Janeiro,RJ
S0679,86887,Recife,RJ
S0680,79805,Sao Paulo,RJ
S0681,26464,Curitiba,SP
S0682,34046,Campinas,DF
S0683,96345,Curitiba,SC
S0684,14210,Curitiba,BA
S0685,34490,Recife,BA
S0686,44966,Sao Paulo,MG
S0687,41560,Sao Paulo,RS
S0688,94119,Campinas,BA
S0689,81391,Recife,PR
S0690,98283,Campinas,BA
S0691,23170,Curitiba,MG
S0692,7716,Rio de Janeiro,RS
S0693,91030,Campinas,RJ
S0694,14691,Campinas,RS
S0695,65689,Sao Paulo,RS
S0696,89172,Guarulhos,RJ
S0697,7150,Recife,GO
S0698,62433,Rio de Janeiro,DF
S0699,95704,Curitiba,PE
S0700,96059,Recife,DF
S0701,29460,Sao Paulo,DF
S0702,26496,Sao Paulo,PE
S0703,23963,Curitiba,BA
S0704,60107,Guarulhos,MG
S0705,89924,Curitiba,GO
S0706,91313,Guarulhos,PR
S0707,33213,Campinas,PE
S0708,52098,Guarulhos,GO
S0709,72543,Sao Paulo,DF
S0710,67900,Guarulhos,SC
S0711,4381,Campinas,MG
S0712,88715,Guarulhos,SP
S0713,92182,Sao Paulo,GO
S0714,64057,Rio de Janeiro,SP
S0715,41511,Recife,RS
S0716,79371,Recife,MG
S0717,18681,Recife,PR
S0718,22937,Guarulhos,GO
S0719,98142,Sao Paulo,PR
S0720,35644,Rio de Janeiro,RJ
S0721,74434,Sao Paulo,PR
S0722,40699,Recife,RJ
S0723,79551,Rio de Janeiro,GO
S0724,80554,Recife,SP
S0725,50581,Curitiba,DF
S0726,38632,Rio de Janeiro,MG
S0727,69159,Curitiba,SC
S0728,21223,Recife,GO
S0729,29796,Guarulhos,RJ
S0730,5877,Rio de Janeiro,DF
S0731,52290,Rio de Janeiro,PR
S0732,64618,Guarulhos,RS
S0733,38680,Guarulhos,BA
S0734,75162,Guarulhos,DF
S0735,43086,Guarulhos,SC
S0736,21688,Rio de Janeiro,BA
S0737,1424,Rio de Janeiro,SP
S0738,85335,Recife,GO
S0739,81273,Campinas,SC
S0740,45525,Campinas,RJ
S0741,22576,Guarulhos,PR
S0742,59534,Guarulhos,MG
S0743,47882,Rio de Janeiro,MG
S0744,35852,Rio de Janeiro,PR
S0745,66234,Recife,SP
S0746,23655,Rio de Janeiro,MG
S0747,4409,Campinas,SP
S0748,17366,Campinas,DF
S0749,34900,Campinas,GO
S0750,82932,Sao Paulo,RJ
S0751,27118,Campinas,RS
S0752,96161,Rio de Janeiro,MG
S0753,14152,Curitiba,RS
S0754,99852,Recife,PR
S0755,81527,Sao Paulo,SP
S0756,7752,Campinas,PE
S0757,54620,Campinas,PE
S0758,68394,Curitiba,SP
S0759,46169,Curitiba,MG
S0760,98159,Rio de Janeiro,RJ
S0761,14115,Recife,BA
S0762,54385,Guarulhos,PR
S0763,51895,Curitiba,SC
S0764,61377,Guarulhos,SC
S0765,27471,Curitiba,RJ
S0766,49197,Sao Paulo,PR
S0767,13531,Guarulhos,PE
S0768,13197,Curitiba,GO
S0769,53155,Recife,GO
S0770,73729,Curitiba,MG
S0771,68496,Recife,RS
S0772,95693,Campinas,RJ
S0773,6620,Guarulhos,BA
S0774,43921,Guarulhos,MG
S0775,6564,Rio de Janeiro,MG
S0776,36676,Sao Paulo,GO
S0777,74118,Campinas,PE
S0778,59883,Rio de Janeiro,GO
S0779,21468,Curitiba,BA
S0780,7894,Campinas,BA
S0781,16209,Recife,GO
S0782,42819,Recife,SP
S0783,96250,Campinas,PE
S0784,39622,Recife,SC
S0785,18819,Guarulhos,BA
S0786,27284,Rio de Janeiro,DF
S0787,68775,Curitiba,MG
S0788,28515,Curitiba,BA
S0789,81682,Campinas,BA
S0790,4792,Guarulhos,BA
S0791,33551,Curitiba,BA
S0792,26094,Guarulhos,PR
S0793,46844,Recife,DF
S0794,40240,Rio de Janeiro,PR
S0795,55861,Guarulhos,SC
S0796,33566,Rio de Janeiro,SC
S0797,20856,Campinas,SC
S0798,64763,Guarulhos,BA
S0799,30304,Campinas,MG
